Episode,Distance (m),Time (s),Avg Speed (m/s),Total Reward
1,72.60668948631314,1.462641954421997,49.640781372913416,119.78835132431146
2,30.699925213352156,1.2624802589416504,24.31715268093634,-18.664461575816787
3,11.746616663724739,0.5720279216766357,20.53504071845821,-76.43056892219678
4,36.11717677160703,2.016854763031006,17.907673588418813,-11.3935159077258
5,12.858519451334512,0.5670821666717529,22.674878892422434,-70.14479780194249
6,13.964891968196385,0.5519483089447021,25.301086608810465,-67.63899535343882
7,25.28258224003686,0.7755856513977051,32.59805308991263,-32.73308301443578
8,16.469773342285034,0.6333420276641846,26.004548289692472,-59.097673967616444
9,18.959981695196674,0.6634204387664795,28.57913411659373,-50.363431638945244
10,39.80479981332476,1.144728183746338,34.77227203671712,11.54431238629769
11,23.560632108717343,0.7893593311309814,29.84779070763634,-37.09707944668864
12,12.235951249045947,0.5559256076812744,22.010051488869557,-74.97600557584902
13,33.64208346435536,1.0018932819366455,33.5785098781436,-10.975255123153403
14,20.39335374369494,1.2686834335327148,16.074422668946333,-54.02928953006126
15,23.66245383013655,1.027967929840088,23.018669302083687,-39.76058850834838
16,17.74383992829456,0.7284586429595947,24.35806081757033,-55.96938969073176
17,46.999672230177936,2.2162821292877197,21.206538467773026,26.458858444194163
18,19.231284699725887,0.8770718574523926,21.926692250263837,-51.877956528625624
19,17.92911662903963,0.9951221942901611,18.017000054781008,-59.124001088298044
20,29.223532102463803,0.8805060386657715,33.1894738016177,-21.189750652860184
21,31.22254765652781,0.8871753215789795,35.19321029011318,-12.672648632599788
22,30.454592712789353,1.0120940208435059,30.0906754566218,-15.799956435977222
23,29.326716979265722,0.8490369319915771,34.54115583697207,-16.873054256617564
24,65.35710266623964,1.7123310565948486,38.16849692384202,92.14764164894405
25,20.301734061802605,0.8760318756103516,23.174652232440653,-48.81827952026295
26,29.96461729423334,1.094273328781128,27.383119469438096,-16.366199043277433
27,62.76087312265689,1.6501851081848145,38.03262604380981,88.06879081571219
28,53.18105111672213,1.3134417533874512,40.4898435576338,57.04999506433566
29,34.45689283713795,1.1797595024108887,29.20670930534895,-4.371525427950559
30,37.3752187236976,1.152297019958496,32.43540343881458,4.1554626206774685
31,92.98420213898717,1.8655521869659424,49.842723665754356,385.6583864810411
32,107.22664826561592,1.9925763607025146,53.81306853796632,233.89327170175568
33,26.803769785168907,0.9157588481903076,29.26946306676439,-25.887456863882534
34,32.96201980126171,1.0121135711669922,32.56751093976112,-9.004696751119354
35,49.74731255421283,1.6078059673309326,30.941117003562788,39.843904022878206
36,16.79367858572618,0.685924768447876,24.483266034739124,-58.05952574244075
37,35.07676975195897,1.11379075050354,31.49314154036646,-2.7118507583020346
38,20.823842594243295,0.817357063293457,25.47704489190531,-46.567167491846554
39,97.8310295699524,1.7208104133605957,56.85171870787135,399.73085764496886
40,22.160539762231554,1.0236952304840088,21.647595009067228,-41.91372805307056
41,19.587369678912864,0.8923418521881104,21.950522247592332,-50.07169958891946
42,21.997106278253682,0.7604343891143799,28.927027226993296,-42.643506430712094
43,13.091817737673521,0.7949674129486084,16.468370306041535,-72.31683317196452
44,25.927292524831035,0.8091371059417725,32.043138714610905,-28.194302892145302
45,31.98228054805734,0.9070479869842529,35.259744806216716,-10.492723961462374
46,45.00831534412417,1.1433234214782715,39.36621475481559,28.785058901775614
47,27.46235102898856,1.2416627407073975,22.117399619596195,-28.381503086006234
48,127.58421097818622,2.2227602005004883,57.398999203539226,500.790662534696
49,19.545941668541477,0.7008795738220215,27.887731927974396,-48.608438778033666
50,58.03185169422837,1.2911641597747803,44.94537062146378,72.90620493149171
51,31.023595948814375,1.4793696403503418,20.97082101905743,-22.635114822388886
52,55.094415646525306,1.3081459999084473,42.116411815180555,63.828775489977915
53,36.46786431432707,1.634425163269043,22.312348790193028,-4.76316241080653
54,58.96571288842197,1.8399560451507568,32.04734865478301,68.49444425058897
55,52.45229595408985,1.367110252380371,38.36727569174578,56.017360415279825
56,46.716863018739964,1.383772611618042,33.7605056108995,35.099633077805265
57,40.63210742816633,1.073808193206787,37.8392600142339,18.398485525657662
58,30.110841065895613,0.8961455821990967,33.60039000806667,-15.01581579442481
59,91.61663184140448,2.0057053565979004,45.67801124927224,377.27016725645717
60,73.2634453328163,1.6140758991241455,45.390334725009915,120.15657976848911
61,42.086453762202254,1.1806273460388184,35.64753425660401,21.66487199296327
62,17.69365673762318,0.8070328235626221,21.924333460831328,-57.32743361718341
63,29.460969260731844,1.7292625904083252,17.036723875334236,-25.852118422069708
64,28.843440224462288,1.253225564956665,23.01536214309485,-22.023413291553055
65,63.69954293927427,2.345781087875366,27.154939251798883,81.94256717134601
66,37.32827684331841,1.3647592067718506,27.351547920027077,6.8123278379162
67,32.032876888872366,1.348548412322998,23.753598014099325,-7.437270933141249
68,45.978998159381256,1.5087037086486816,30.47583027456319,34.69713955762464
69,16.601689844975674,0.7345526218414307,22.601089903344615,-58.93267055961204
70,32.785252875236935,0.9945964813232422,32.96337106644336,-9.152779915144464
71,44.12352847078965,1.1523828506469727,38.28894923767544,26.633356467180192
72,44.54122580234147,1.2756540775299072,34.91638257339182,28.686551953153526
73,49.68429447489165,1.186760425567627,41.865479674322366,46.20039202117647
74,26.83821695923634,1.3012044429779053,20.62567270198912,-33.97552864892256
75,41.18477076516804,1.3633785247802734,30.2078769883848,13.590430012464552
76,108.34227423929852,1.86183500289917,58.19112545987832,439.8837383719465
77,49.69279262104747,1.2951369285583496,38.36875586302816,42.955566873651804
78,109.71900324949789,2.125200033187866,51.62761224171259,435.2811516711557
79,96.87879968246058,2.212523937225342,43.78655437461766,398.0415524558925
80,67.05649873048483,1.4991014003753662,44.7311294043847,98.8688380711522
81,84.21637346081961,1.845820426940918,45.62544234077612,150.82592860870966
82,57.76514441121734,1.2702162265777588,45.47662295800559,71.91994694754217
83,20.357249395128974,1.0801575183868408,18.84655621851475,-50.83037844476056
84,38.49087303481448,1.1335375308990479,33.9564169562926,10.820523549846357
85,115.6745041546195,1.9863605499267578,58.234394636404105,461.04099327658423
86,29.075829933387737,1.6893987655639648,17.210755995599108,-30.97821938028453
87,44.56444974392025,1.3041648864746094,34.170870728153034,30.544294349752192
88,38.779031092040604,1.0034940242767334,38.64400798997336,11.152201596065183
89,81.48805574855766,1.5782756805419922,51.631065949501306,151.19014232265033
90,29.15633276588255,1.1450567245483398,25.462784629628786,-22.152450110689088
91,44.14771430743736,1.29746413230896,34.026153947602644,29.519063410541804
92,148.0185558509993,2.847599983215332,51.98010841532103,562.7207766644975
93,24.183318655836445,0.8482198715209961,28.51067213560067,-35.69902691493863
94,40.449920086861034,2.311697483062744,17.497929717546498,2.949241588120188
95,26.44669699147051,0.8451676368713379,31.29165840917849,-26.91367865944565
96,52.369825437540705,1.8352017402648926,28.536277123397703,40.03515739499741
97,50.387744005606805,1.2223503589630127,41.22201432358028,47.73353138969347
98,28.051965975685356,0.8212659358978271,34.15698222649195,-23.06908118997829
99,49.7994615203284,1.194549560546875,41.688903637894924,46.324214774373814
100,47.10738099620553,1.2276182174682617,38.37298952222776,37.285645852548896
1,30.940397610923576,1.3329994678497314,23.211110249603998,-21.160505813818432
2,69.59126017372488,1.9746835231781006,35.24172828551439,104.61433628528346
3,51.60853801669335,1.328805923461914,38.83828112553755,51.044170173533615
4,42.692098899906604,1.0234556198120117,41.713678711098666,23.914931802740284
5,23.400469199025263,0.8666226863861084,27.001911635393768,-40.33983899854708
6,35.43294017101143,0.9877662658691406,35.87178606452388,0.824811664305372
7,39.60625835034781,0.9878771305084229,40.0922919735615,13.542130060904242
8,38.897170996720774,1.09600830078125,35.48985073287705,11.917906489498264
9,82.26610621467022,1.7146613597869873,47.978048694635625,156.2038264385409
10,32.48120750999988,1.0160527229309082,31.96803352517427,-13.024025949461858
11,87.56670991712745,2.0926353931427,41.845182492885485,368.6755777278984
12,46.69008744087041,1.7326290607452393,26.94753799222786,33.20820852445689
13,58.11792640821675,1.265153408050537,45.93745393909985,76.86255217660951
14,83.00241218055665,3.0439443588256836,27.268045140147688,344.7487464464614
15,84.36287557265298,4.434376001358032,19.02474565684479,125.48378025471612
16,28.361077420710377,2.6735775470733643,10.607912776555096,-45.97782788782992
17,106.9432729556412,3.379021406173706,31.649184808432537,419.7874323092857
18,24.296872068845378,1.152496576309204,21.081947285825823,-37.40511360046614
19,32.75365991355037,1.7018907070159912,19.245454351753867,-13.524631378029
20,44.88512203141674,1.1134850978851318,40.31048293027729,31.816950018339753
21,31.511955185306533,0.9532945156097412,33.055844410424434,-11.08186271106915
22,54.192496229669864,1.3155128955841064,41.19495628783451,60.708609371782444
23,94.7798448417194,1.883251428604126,50.327770048192995,390.65239501280774
24,34.065806029176834,0.9844748973846436,34.60302148858855,-5.888645961768262
25,38.12467241676564,2.2824318408966064,16.70353161643116,-4.996314020966409
26,32.436092281310266,1.1543505191802979,28.098997438267777,-11.24569958653305
27,65.06774371149788,2.0937185287475586,31.077598453704642,76.53890163178116
28,20.689744762922132,0.7778365612030029,26.599090085098787,-46.12641671928057
29,23.61422924251771,0.9920303821563721,23.80393752778777,-40.969071403773995
30,17.007960514694915,3.5493175983428955,4.791895918988931,-93.94010140491204
31,66.90276852828967,1.4582288265228271,45.8794719398193,98.35276035655721
32,29.019413730287877,0.8715231418609619,33.297353032212975,-20.771969553878876
33,94.18640653121393,1.7629671096801758,53.42493686583893,390.5394370023563
34,107.81977123281932,1.8873012065887451,57.129074498765966,438.21463857280423
35,32.42018614485463,0.9263255596160889,34.99869544600607,-9.887235405717504
36,107.61719221122357,2.26029634475708,47.61198347325092,436.72848413491
37,103.75485632831919,2.00258731842041,51.81040315892861,417.9772283923214
38,23.21021886530469,0.8435335159301758,27.515467289655312,-40.54559175320779
39,56.443544776122074,1.1896181106567383,47.446776634025824,69.65960403365443
40,26.612537329556105,0.9225504398345947,28.846701687473587,-27.219460072456954
41,43.08840278544777,9.592633485794067,4.4918220683880286,-102.20477060377733
42,18.313375425155154,6.6344194412231445,2.7603583987114986,-129.6439382849466
43,57.26521161270885,1.4733614921569824,38.86704784775752,64.86056847035084
44,71.31259449393134,1.4375848770141602,49.60583241668931,117.4500914929794
45,28.85192643874568,0.8773162364959717,32.886575260457015,-18.17245325350487
46,43.51897968852047,1.174971103668213,37.03834039207939,25.279610291102102
47,121.98802869181804,2.2591471672058105,53.997380278105986,480.3067317534251
48,84.25271785611552,1.6154143810272217,52.15548335191883,156.74207869360856
49,54.2112347198155,1.252687931060791,43.27592960355959,60.49360700669973
50,36.69331343512888,0.9963998794555664,36.82589108218091,3.9477808553410796
51,16.87721137358691,0.6512417793273926,25.91543096485275,-58.087719253973376
52,62.25357934748887,1.3696362972259521,45.452635472334265,86.04975735354512
53,118.64315542431953,2.005493402481079,59.15908537896019,471.85008140911646
54,52.52448812131375,1.3024911880493164,40.32617541157984,56.14492466309744
55,112.27428560796416,2.257384777069092,49.73644136722544,451.68416633455615
56,60.67100405458992,1.2441909313201904,48.763419285023176,82.71352044153082
57,103.61542969038112,1.8551394939422607,55.85317439940505,425.35391376953044
58,59.34209327036608,1.4877781867980957,39.88638480987442,78.22451142699313
59,45.7641622851377,1.170027494430542,39.113749465700664,35.16513246535271
60,18.796640470958092,1.5174660682678223,12.386860480125486,-60.1904733953812
61,33.24631334961505,0.9177935123443604,36.22417559336689,-7.487355442731541
62,100.62794149357435,1.8143630027770996,55.461857048204386,415.1075589376509
63,19.361893529988524,1.0568304061889648,18.32071959379881,-51.123144589397334
64,83.59623850363647,1.629030704498291,51.31655178309389,155.69055038924864
65,82.13671910478314,1.821286916732788,45.0981766519953,146.85155872787487
66,14.173596887379652,1.9345557689666748,7.326538275477242,-83.36107336431692
67,14.882985731435879,3.168470621109009,4.697214369696957,-94.76278508960185
68,37.61862354040644,1.6123003959655762,23.3322671349202,3.562299355233634
69,35.38573628052465,0.9663922786712646,36.61632761509442,0.40595596870157635
70,25.716665014865168,0.8174986839294434,31.457744850736322,-31.545723842429965
71,74.88588904814706,1.4552643299102783,51.45861649255432,125.60069405980735
72,49.482872288684085,1.2139301300048828,40.76253736982791,45.615580151794916
73,13.433652641882313,1.1926460266113281,11.263738227553926,-75.62800967118174
74,95.84656759373009,1.9078140258789062,50.238946927531245,397.2620555886397
75,191.4669829173765,3.1303892135620117,61.16395433764921,709.3599991898205
76,101.42936418274209,1.839247226715088,55.14721605093615,417.0656000028148
77,40.324800028948445,1.0035264492034912,40.18309638072284,18.32321534204391
78,33.937495378130606,0.9467041492462158,35.84804757130546,-3.219844688065294
79,34.045501011682035,0.9620270729064941,35.389337754106165,-3.0416763297725424
80,35.06147201182433,1.8773987293243408,18.675559679558663,-10.154198670660506
81,118.65588874771977,2.071460008621216,57.281283854810354,474.46281206177287
82,74.96610506344884,1.618079662322998,46.33029313020575,129.97571604079923
83,147.7058115316036,2.538334608078003,58.19004754595561,568.2269188685883
84,28.475844805172123,0.8848490715026855,32.18158409412503,-22.072101997259878
85,16.192089506070417,5.220638036727905,3.10155375495425,-117.02212014853924
86,42.633097165723726,1.0371289253234863,41.10684421652421,23.68692820511791
87,35.332024841538136,1.1433064937591553,30.903371085882288,0.42653458079527695
88,105.74859370405083,1.8632919788360596,56.75363545015027,433.4041705575379
89,16.094246613345536,0.8539009094238281,18.847908973659685,-60.87655958876734
90,35.525717887906936,0.987952709197998,35.958925520580905,0.2824741221403997
91,18.592962806113462,1.4636108875274658,12.703487630871118,-59.320692266490965
92,102.9072985878921,1.8811275959014893,54.70511347135707,423.3010638645852
93,36.176915275723516,0.9835398197174072,36.782359545054256,1.8479227731979222
94,124.03619792945663,2.0002522468566895,62.010278015872345,491.76615195571037
95,70.89649296658253,2.8283369541168213,25.066494592657445,100.23084619155244
96,130.23627172295616,2.2090671062469482,58.955326144083756,511.9037459261708
97,71.1999224517209,1.6367716789245605,43.50021653508982,110.10426395087538
98,93.40268397838271,1.7280149459838867,54.0520116422961,391.623625136938
99,81.06833608358714,1.5677053928375244,51.71146087394304,146.3250528290597
100,31.483700016369095,0.9182736873626709,34.28574775652333,-12.185819120180454
1,14.263146514573412,1.5161585807800293,9.407423930045198,-77.25145840622281
2,62.31194358742405,2.1997992992401123,28.326194852843518,79.71618973360995
3,113.38278520497268,1.9816210269927979,57.21718919032482,454.96870291408527
4,16.99979900933871,0.7437334060668945,22.857382592559887,-57.96137374888873
5,14.1021407549281,0.8352925777435303,16.882875690125008,-69.21764341729596
6,48.11455977063503,5.569852352142334,8.638390522529509,-32.841131702607214
7,87.90637092288334,1.6941418647766113,51.888435526309735,169.33989657518669
8,129.75929500993496,2.077643632888794,62.455029801966205,508.43436468897414
9,116.11540289476675,1.9087183475494385,60.834225774507146,463.0803330696709
10,52.33251142444059,1.275299072265625,41.03548145100551,56.19495826799999
11,116.00631649612664,1.9033606052398682,60.94815463594568,462.8469459868344
12,52.16612739685157,2.03644061088562,25.616326406968106,47.920536811683775
13,101.77886520360978,2.275569200515747,44.726772176623804,410.88593642864885
14,29.78018909938153,1.0310847759246826,28.88238658424036,-18.58817741883722
15,314.67088456739845,5.021003007888794,62.670921342409166,1510.9065972355343
16,54.63548213264845,1.2318038940429688,44.354042390080814,61.643163552839724
17,51.74379986444153,1.4210231304168701,36.413059546231324,47.7734239637451
18,57.48654027447755,1.2956631183624268,44.36843146938851,71.2522379812936
19,119.06494204034016,1.9243578910827637,61.872556343117026,475.98526361321024
20,57.95183594836569,1.2396016120910645,46.75037155736483,75.85034926698341
21,65.15597883366999,1.3176422119140625,49.448915832031275,96.02744276343492
22,97.97988660800813,1.8189218044281006,53.86701416711789,401.87615239283997
23,52.6068975429856,1.251460075378418,42.0364169644631,56.40037267815336
24,18.82706189466729,2.449679374694824,7.685520843727854,-72.29631764465196
25,20.303329653279224,4.9298553466796875,4.1184432859584295,-99.55516376679121
26,209.14699659696086,2.9765655994415283,70.26453461539757,974.6483856975267
27,67.26161863572833,1.416865348815918,47.472131838031906,100.40494836798763
28,64.1068223460306,1.4696495532989502,43.620482313030884,92.59531939647971
29,53.87965545158204,1.1682875156402588,46.11848943883841,60.0329988335327
30,314.352907339299,5.399411916732788,58.21984175075043,1506.2415703272145
31,93.39651396333038,2.2394001483917236,41.7060408031165,380.9786980494721
32,99.83179271976911,2.0274996757507324,49.238869881842966,412.9903277072152
33,59.04831995355079,1.3736653327941895,42.9859577466659,73.22161365669649
34,34.045816754293924,0.9665489196777344,35.224100985644306,-2.4564167613170866
35,111.42211171680238,1.9085566997528076,58.3802994855922,443.5809615672058
36,92.24053155106849,1.7469017505645752,52.80235795817228,385.56721510483715
37,261.353628717355,7.62508749961853,34.275492409815634,1292.2914142263187
38,112.5402281494293,4.573129892349243,24.60901631893441,423.26968884532823
39,20.403487333360086,0.8047854900360107,25.352702783504604,-47.387339332690715
40,43.98380278514382,1.279771089553833,34.36849225940704,26.024134173378883
41,19.668439696009152,2.0504941940307617,9.592048469713484,-64.36695048041352
42,104.42311252310401,1.9896245002746582,52.483829239481565,426.78414453927326
43,277.78304133144184,6.652238368988037,41.75783036074506,1157.8676739522487
44,31.414840076996875,0.939669132232666,33.43181019722847,-12.165571125557719
45,52.06080407918768,1.3255698680877686,39.27428144869436,51.713000401221564
46,134.27988343058865,3.2120954990386963,41.80444929821527,515.3557523035728
47,136.33438754875556,2.861907958984375,47.63758635939413,517.5235093839971
48,191.82414384878305,2.8049118518829346,68.38865318352579,714.158475646646
49,35.22949057909585,3.8311407566070557,9.195561535644512,-32.951072862091536
50,100.74896339349098,1.8691174983978271,53.90188871478178,411.70900273540065
51,50.57726966585648,1.2393624782562256,40.80910189972698,49.462439733566725
52,15.655942923214061,2.164937973022461,7.23158959670187,-79.18674444807117
53,64.08812402034597,1.4354455471038818,44.64685139025199,95.74926790258795
54,288.03964621504434,4.387660503387451,65.64766029474389,1433.7727182124904
55,35.14697832626543,4.117074251174927,8.536882305738164,-39.54638057371463
56,90.81553854527075,1.7794780731201172,51.034929801655714,382.96753792665316
57,48.30565170965855,1.2525441646575928,38.56602671001532,39.23434592401557
58,101.7684931042002,1.838045358657837,55.3677811185861,419.2014948658076
59,72.7627195329195,1.4740614891052246,49.36206533493217,127.5200013228181
60,170.70507348069538,3.005788564682007,56.79210956035921,639.3325226782022
61,53.27259912270318,1.3439688682556152,39.63826869877393,54.93220767177772
62,277.73801809588406,4.473777770996094,62.08131747099392,1390.3882226834155
63,125.13385570107657,2.166059970855713,57.77026369756596,492.8319812829528
64,191.117292022583,3.1560606956481934,60.55564529735105,709.117262336969
65,44.88053711196781,1.1528005599975586,38.9317447174582,31.312605033439297
66,93.23582716605527,3.6868324279785156,25.288870320904802,368.36151237392005
67,12.685271894006053,9.958652257919312,1.2737940401441854,-176.55166220524725
68,282.0781188382401,4.88176417350769,57.78200437641352,1414.8352212382877
69,98.34372652887815,2.174494743347168,45.22601253912396,404.0774295020808
70,107.9587580368081,2.238394021987915,48.23045316254466,438.1865767395989
71,51.5624986653945,1.552295207977295,33.216941210932795,50.40298254165731
72,13.620618247777852,5.153027057647705,2.6432266113493883,-114.76331362805684
73,102.25182828228836,2.5244359970092773,40.50482103861102,416.0770743132259
74,160.31074749089697,3.270498037338257,49.017227853580444,610.9365114412394
75,17.06420235386134,4.337757349014282,3.933876651200656,-92.00118792269784
76,122.03420382758807,2.8529484272003174,42.77476685666689,488.7025397807671
77,121.46377560677408,2.962237596511841,41.004062520103986,483.5716346359678
78,127.30466794887718,3.18744158744812,39.93945126718318,497.69687338631377
79,50.00759713099365,2.1182172298431396,23.608342159834507,47.327430244346516
80,101.88441186756862,2.895491123199463,35.187264451009014,413.92608672397193
81,113.26530877224556,14.723870277404785,7.6926315322176,135.26041898090443
82,112.86780768056926,3.2813494205474854,34.39676584694157,451.6703767847773
83,28.793828840897817,1.567173957824707,18.373090426326808,-22.055788179527426
84,105.19956833295473,3.271022319793701,32.16106710625855,421.6630965599727
85,106.54539606275628,3.0627615451812744,34.78736248023848,433.6796961864601
86,195.7264550791951,16.690632104873657,11.726725138351295,550.5491238302628
87,131.0435003564517,3.8203136920928955,34.301764440883304,509.184224806369
88,185.7533357768551,4.865237712860107,38.17970400210045,691.263942090808
89,126.69441051652649,3.6501376628875732,34.70948830360012,496.98900193479335
90,142.32528917358812,7.124151706695557,19.977857720214637,522.7032719161062
91,109.71640747799408,7.727471590042114,14.198228514923098,409.88632468383355
92,101.67995033421536,3.3420796394348145,30.42415540744285,418.84353531286513
93,262.30794111836036,5.646456956863403,46.45531580640472,1348.5950355656576
94,102.12548924932412,3.4411509037017822,29.67771309867977,408.03275188035457
95,16.672973533334076,1.1045584678649902,15.094695317995614,-58.54198033158748
96,15.514745393976748,2.3235011100769043,6.677313527714748,-68.56475231059315
97,90.31397910903198,2.740976572036743,32.94956258671054,385.2065031105117
98,283.06441137505,6.030862808227539,46.93597257574529,1419.8106328984175
99,31.497756245348885,1.5242035388946533,20.6650591220848,-12.177152232696955
100,60.52033260906077,2.935401678085327,20.617393885437966,76.61815741377399
1,64.81528787831814,1.5836575031280518,40.927591824807145,92.53940961716583
2,14.044688617169394,2.4356086254119873,5.766397963381211,-91.28858951771156
3,36.12565486785079,0.9465763568878174,38.164543837357,1.756206770265095
4,52.24770753953618,1.3340098857879639,39.16590731160501,55.06395343000327
5,25.29888913151706,1.021164894104004,24.77453864462796,-30.45675244461721
6,29.60183683117859,0.9141128063201904,32.383133270326184,-16.67329752439342
7,36.82809742824572,1.965343713760376,18.738756569852583,-5.271138005237091
8,30.055082161559408,1.1177294254302979,26.889407648894053,-17.50958596988606
9,32.35741279728907,0.8725969791412354,37.081738271811986,-9.91851710925961
10,21.826946286818075,1.6531009674072266,13.20363771914798,-50.9002007576063
11,107.90214268371359,2.2516257762908936,47.921881078063045,430.5218201141324
12,27.52016315118863,0.8399190902709961,32.76525497510644,-24.342196639575562
13,36.46672616071296,1.0056476593017578,36.26193112807777,6.021648635963587
14,59.824868438429704,2.8359997272491455,21.094807543038254,59.376793456525974
15,18.670939474652094,1.7192261219024658,10.860083636927966,-62.41184173992167
16,52.50294761136339,1.2109549045562744,43.3566497099261,56.435268892828304
17,24.749653255362425,0.7942349910736084,31.161625379797282,-34.01164942586024
18,31.787710084489078,6.810262441635132,4.667618958434281,-93.48445577695857
19,26.567543872887462,4.700610399246216,5.651934880020646,-74.80024298866593
20,54.54804203992232,1.5068895816802979,36.199096936549964,63.24474681643164
21,43.68585785404722,2.120495080947876,20.60172562839398,14.1199179051697
22,67.39582910236906,4.913443565368652,13.716618132625769,54.22973127751317
23,29.474935407578908,0.9472525119781494,31.116238843248183,-19.425672284510284
24,32.41615888946393,1.000035285949707,32.41501509487154,-9.329564927674369
25,17.59727705638727,2.5842301845550537,6.809485146315295,-79.42876081729521
26,28.695195031152192,0.8782742023468018,32.67225082380525,-20.95218042795905
27,95.38232498201674,1.9127953052520752,49.865411484501166,395.1631758463567
28,68.11358824023253,1.3676819801330566,49.802212231827475,113.58270589767127
29,81.66232305511491,1.4936096668243408,54.67447410724276,359.04851684089374
30,49.83847346304625,2.8299014568328857,17.611381252414176,26.261953861261333
31,87.9763855224502,2.0516912937164307,42.87993315168283,371.5020457135198
32,108.18240154570951,1.70395827293396,63.48887954834462,435.79684285954204
33,20.175941328978247,0.7554917335510254,26.70570759807735,-47.13307552876291
34,62.50197343336469,1.2826135158538818,48.730169034399175,90.55839033886187
35,112.50197496499266,1.7675549983978271,63.64835892912431,455.1730885892457
36,151.17161663347545,2.519892692565918,59.99129132738693,576.3767472801037
37,19.89997992023831,0.836883544921875,23.77867272094114,-49.777765397926224
38,40.26501922631864,1.397106409072876,28.82029526515352,5.362096433845679
39,71.71755822560114,1.8603079319000244,38.55144462688629,111.57085229672651
40,58.388021403103366,2.1356360912323,27.339873887134228,62.57492357930997
41,44.47213547471012,1.493058443069458,29.785930806086505,26.466677181700533
42,55.532617799372964,1.2106552124023438,45.86988700868658,63.7943453577648
43,115.64705293389385,2.3610191345214844,48.98183637860793,460.49462750810505
44,88.64411498052222,1.68217134475708,52.69624598992512,374.6766398365746
45,56.35354589555229,1.417921781539917,39.743762053186174,61.31106171012124
46,125.00719823114808,2.0986013412475586,59.56691048183304,492.9711285792546
47,199.3494748199534,2.876616954803467,69.29997213813027,934.3518977706526
48,81.40312486434324,1.5288350582122803,53.2451976601915,147.66640029996887
49,77.48119982899354,1.4951233863830566,51.8226124577136,138.50698186113206
50,61.349931474090525,1.357696294784546,45.186785667575386,82.92902486035877
51,42.31205042797086,1.1855392456054688,35.69013053326767,19.173917633277796
52,31.82030705518281,0.9140760898590088,34.811442294799456,-11.296864246873284
53,36.09309844499425,1.0365736484527588,34.8196179778143,-1.1907153118272191
54,46.04095680160376,1.1455519199371338,40.19106947516654,34.702251617978504
55,15.531290951373034,0.6279566287994385,24.733063143336185,-61.09128288182865
56,16.862627269226007,0.6710934638977051,25.1270920912983,-58.29646467121428
57,18.261942414211777,0.7162559032440186,25.496393581541184,-55.03697573401621
58,14.609121238203473,0.6561112403869629,22.266226119807474,-66.84830015304144
59,53.317220434960284,1.3626511096954346,39.12756541685655,56.99090554075343
60,21.715475038530474,0.7455952167510986,29.125019247246232,-43.96328387236784
61,13.259108425940695,0.5960257053375244,22.245866759105922,-69.31888846024681
62,13.557458286471515,0.6132111549377441,22.10895574436823,-68.39224015937442
63,20.89372420977652,0.7347228527069092,28.43755864241684,-45.62658910028374
64,17.521882137890604,0.7119803428649902,24.610064468048385,-56.99022901001063
65,13.8700751920281,0.65810227394104,21.07586577534107,-68.54571107091354
66,14.010480007124498,0.6003437042236328,23.337431388978942,-67.58407528321081
67,23.860109370895273,0.9474327564239502,25.18396077095157,-35.88563046946642
68,13.475785629272035,0.6232388019561768,21.622186531029868,-68.74098927483514
69,17.063618155485585,1.2454862594604492,13.700366443928196,-63.97622522690994
70,40.69606534240334,1.0428729057312012,39.023034464463,16.119182853406315
71,46.01297257506049,1.2138025760650635,37.908119065150224,33.873490467521606
72,28.365846038534052,0.8269937038421631,34.29995404650366,-22.299020384923608
73,85.62558688201554,1.5542314052581787,55.09191655266545,368.2999993472771
74,40.24740191772862,1.1094932556152344,36.27548136415727,14.50609039448679
75,189.878351123293,2.6184885501861572,72.51448592730867,704.830798933284
76,218.08828549083236,2.72084903717041,80.1544968175216,1006.7126649046838
77,15.800164625886858,0.7199921607971191,21.94491202292279,-60.54851745402129
78,64.6720609593166,1.3532283306121826,47.7909451763102,94.85441016735504
79,71.57650625075912,1.9766244888305664,36.211484100910866,113.3197137134893
80,99.55831167901658,1.828906774520874,54.43596856110846,409.6814958086476
81,73.44741198199594,1.9521231651306152,37.62437396058544,121.0825248927654
82,160.25030816043858,2.4355666637420654,65.79590308327919,615.6129635326485
83,54.7622043294629,1.182987928390503,46.291431227002306,65.22042581376493
84,219.8791798314326,2.991203546524048,73.5085982653855,1011.7433193593222
85,69.86424262280234,1.5978114604949951,43.72496026606211,110.3571176818557
86,44.732672905108025,1.0820229053497314,41.34170606180424,29.200211929014586
87,159.9860860811509,2.5350704193115234,63.10912898608949,607.9841424552162
88,63.97179572236137,1.3490040302276611,47.421500817581205,93.4427706223752
89,111.63974111937951,1.9894380569458008,56.11621871292118,453.679860594631
90,25.875553499627934,0.8611660003662109,30.047114596517225,-30.682910320985272
91,30.71835842747733,1.1670072078704834,26.322338217200205,-15.042874122568364
92,76.86096504308972,1.5398285388946533,49.91527504631354,137.29680202571816
93,232.5115848785704,2.9364712238311768,79.18061072473766,1053.0553124018898
94,112.11221479348718,1.9843604564666748,56.49790814372136,451.5512579359033
95,241.17362993664065,3.0925939083099365,77.98425434668174,1080.0282422053638
96,224.57605946084024,4.256487131118774,52.76089238447027,1009.6969706605225
97,375.98393711433886,5.253227472305298,71.57198866725338,1920.9482329229247
98,156.5522337657989,2.3340375423431396,67.07357140821144,597.9244984383388
99,326.31608041938364,3.9005353450775146,83.6593061081206,1567.0187133106112
100,144.33440751809127,2.421579599380493,59.60341239867399,560.2249815428663
1,41.284249911541515,1.0801973342895508,38.21917403517229,17.624508830539355
2,62.755441074570044,1.3475220203399658,46.570994853752,93.15386322052342
3,54.98926320390467,1.3421969413757324,40.9695935885098,64.49520608755196
4,228.6451348629397,3.1480908393859863,72.62977675305436,1039.1461790398882
5,28.47350252175452,0.9424023628234863,30.21374271223857,-23.215954342842323
6,241.68494447345236,3.088968515396118,78.24131041441177,1077.854672118547
7,75.60603325454065,1.7030744552612305,44.39385079200405,130.098398416041
8,87.35306523912087,1.5793769359588623,55.30856076867273,371.01750434029685
9,56.86782958167975,1.401113510131836,40.58759634423113,65.9184892848412
10,49.31943112987817,1.3815805912017822,35.69783148659982,45.243904007856486
11,280.0934431538321,4.612204074859619,60.72876191246096,1390.1141550264101
12,112.5069715648069,1.8534469604492188,60.70147890152663,454.7929819224622
13,70.22290220585883,3.7243447303771973,18.855102652848878,82.16225948955375
14,88.91842783138607,1.729884147644043,51.40137734222578,370.80458523713634
15,128.73005667556822,2.4791693687438965,51.92467214968495,497.35809637635055
16,229.05526347476288,2.9894185066223145,76.62201293239733,1041.2890556030695
17,41.66824926572324,1.1454737186431885,36.37643412288778,20.45441144852839
18,339.7559248702061,4.493872880935669,75.60425803576926,1606.146197619993
19,178.0020492514151,2.6951959133148193,66.0441967769573,667.7456541601856
20,104.59804311492795,1.9370291233062744,53.99921036622916,421.87098005001553
21,95.97183207188509,1.8730978965759277,51.23695469805616,393.92755993843855
22,223.41078851242108,2.93865704536438,76.02479127833006,1021.3302721702933
23,35.97402935373599,1.0643517971038818,33.799002784250376,0.5140113602816854
24,68.06347921404719,1.6045701503753662,42.41851264534911,102.14412838206198
25,69.40678329682771,3.621562957763672,19.16487000399591,81.24596341723901
26,41.354319205883506,1.1252317428588867,36.751824207175495,17.181924549459353
27,71.68186988279066,4.947314262390137,14.48904720440376,68.38072683024404
28,234.11814115645168,3.1233294010162354,74.95787702708425,1058.309899299048
29,25.264590336670512,0.9486222267150879,26.632931028990697,-32.105813980811234
30,72.3427091260212,2.3036460876464844,31.403569113313754,107.09530710356424
31,165.40655012718682,2.7579946517944336,59.97348472723411,620.1569661339275
32,71.13805954008023,1.521425485610962,46.75750486164176,116.59506066634918
33,26.563619931708278,1.6227917671203613,16.36908719277356,-38.00206234662606
34,95.9247558076551,2.018831253051758,47.514994461597944,395.7717937393453
35,271.8305272526878,3.560617446899414,76.34364862459398,1380.3901556254227
36,32.36927840740754,0.9929530620574951,32.59900154830608,-9.824385789334471
37,48.17194311335828,1.120699405670166,42.983821415120666,43.234702691430186
38,228.8573723535705,3.0649852752685547,74.66834317287804,1038.3227051785811
39,74.93336346989317,2.7485642433166504,27.262729496717974,113.52242865615548
40,136.46147515327985,2.1638548374176025,63.0640617815825,529.951153504178
41,27.52930882942099,1.3285319805145264,20.721600407962466,-28.733809561904238
42,104.57125174042051,1.8543674945831299,56.39187056820611,425.6577021564849
43,66.17086361922739,1.5435371398925781,42.86962840675964,96.6500587515367
44,28.798891232616324,0.959284782409668,30.021211386544852,-22.823010554151637
45,38.58341859209286,1.0739798545837402,35.92564462677679,10.759656002317612
46,200.8253135697919,2.912473678588867,68.95352052317756,940.0528170830069
47,34.92003614936156,1.0621156692504883,32.877809037507056,-0.8804028501555194
48,253.68730487904364,3.4929230213165283,72.62894238746367,1322.6672681339933
49,42.88514315792309,1.390791654586792,30.83505931063728,24.698012814125548
50,32.3136989140586,1.164870023727417,27.740175518174464,-12.863075615727595
51,16.920483252795517,1.4279346466064453,11.849620214067816,-67.7171013948674
52,316.10343511478703,4.3467183113098145,72.7223188795812,1534.4840286787041
53,90.49071578582242,1.825165033340454,49.579470422027796,383.0970092048912
54,27.996387801241855,0.9795961380004883,28.57952039131855,-23.876359596536645
55,29.653253550671533,2.2932889461517334,12.930448036402629,-36.06306969971946
56,39.61357501597743,1.0124967098236084,39.12464567206217,13.739002049210313
57,54.95254097307781,1.2872743606567383,42.689066645468074,64.60891213554473
58,25.729638164686044,0.9329750537872314,27.578055876458393,-29.11984725140779
59,68.37013184460432,1.9395480155944824,35.25054873346277,98.1379137580582
60,70.95340848005671,1.5961802005767822,44.452003886790216,116.2834957230825
61,18.524297942369923,1.7037770748138428,10.872489257078374,-66.70608404442231
62,20.27962279028872,0.8130831718444824,24.94163388510958,-47.18772803634299
63,36.4644136731389,2.6906752586364746,13.552142182932023,-17.18985782543028
64,63.66623013939219,1.3482468128204346,47.221495006694695,89.6309910396568
65,74.72461195151593,4.58732795715332,16.28935464162595,84.99627428922469
66,215.80942073244253,2.9820988178253174,72.36829961584594,995.5244933803795
67,115.85852567135943,1.9605603218078613,59.09459881577354,462.1341891204181
68,142.76327537384938,2.7559244632720947,51.80231797948021,548.3175468820039
69,186.59785697039894,3.0575687885284424,61.028179536135774,688.7359969296302
70,256.31566173778674,3.280783176422119,78.12636433271203,1325.6095932046653
71,41.76115590483,1.2111961841583252,34.479266407077006,21.471796780377815
72,15.329032938388627,3.2886364459991455,4.661212386987153,-94.01454132933472
73,49.676592518216665,1.2139639854431152,40.92097715739397,44.47473008212498
74,73.30473865360649,5.900195360183716,12.424120589004358,62.40453915926335
75,65.47388539884491,1.600487232208252,40.90872084528169,95.73921822668473
76,106.34505392129026,1.9517996311187744,54.48564095707566,434.58064339207203
77,109.73588412554238,1.9718012809753418,55.652608193489996,442.8328330206027
78,51.431371929920886,1.2137494087219238,42.373962500280875,51.37912729226545
79,27.840971262433296,0.9376626014709473,29.69188620593175,-24.431241062395443
80,123.23471276493343,2.348961591720581,52.46348565225613,487.06670778581054
81,13.793728593596,1.6485157012939453,8.367362581241471,-79.95587828896777
82,48.66372020630276,1.412665605545044,34.448152496448024,40.36854033288748
83,15.012497703846675,2.341799259185791,6.410668055752267,-82.84302676870801
84,22.03369281848465,13.131152153015137,1.6779710235423124,-208.8276896640453
85,89.75404942388404,1.6501281261444092,54.39216991810084,380.00526958262793
86,370.56400665972046,4.791811227798462,77.33276396824411,1916.528217298186
87,137.01314710271976,2.1055216789245605,65.0732540415837,538.9008291928428
88,74.79143341802369,5.424754619598389,13.787062948030767,76.14440524837534
89,203.14788631957043,3.009401559829712,67.50441318009605,953.3172879899207
90,167.43889559390948,2.5453543663024902,65.78215505495199,433.00872251259386
91,327.3324302341701,4.134091138839722,79.1788132484277,1563.9618555326606
92,201.17681951343909,2.9693443775177,67.75125884240414,949.0826339723365
93,88.75692286520291,1.8248984813690186,48.636635830075576,169.07019779913225
94,82.7053898106273,1.592684030532837,51.92830983742455,150.86461049441561
95,36.99537108691894,1.0546157360076904,35.07947949550523,7.2014949873879175
96,31.637136717557635,0.9858171939849854,32.092295519487045,-11.15885665953958
97,29.84474641048232,0.9421162605285645,31.67841131808747,-18.216737336670718
98,161.23425897029708,2.410477638244629,66.88892541965748,615.2368010401347
99,249.35929611318983,3.102727174758911,80.36778036488677,1310.2067314263186
100,149.90952567262707,2.5056769847869873,59.827953316724575,576.1249287157644
1,91.09001883142335,1.6358904838562012,55.682223064652526,380.77339816925144
2,110.38006996740818,1.7829442024230957,61.90887511644899,447.0530641241704
3,101.66968618162898,1.7406203746795654,58.41002878088542,417.19593341321263
4,336.8940085239686,4.128706455230713,81.5979562066354,1603.3514496577948
5,40.880441365386936,1.027397632598877,39.79028184246141,16.5365336275338
6,239.41755854414637,3.0876619815826416,77.54008047909059,1069.3009508050463
7,336.7203192639451,3.870288610458374,87.00134619264632,1197.9618525432124
8,77.26611611527623,1.8464381694793701,41.846034918711915,137.58423746230028
9,43.97339934222397,1.2857680320739746,34.200103164249484,27.04282121241127
10,77.47651005649494,1.8627524375915527,41.592488885247825,139.47806207350743
11,218.4530774622039,3.41733717918396,63.924940972423805,1009.6823296263519
12,65.7182908806017,1.8825719356536865,34.90878071428506,92.2685559491976
13,183.52651322836726,2.914900064468384,62.961511259165114,687.1210831527736
14,109.17584949691113,2.5211169719696045,43.30455536603614,435.19362889970205
15,63.545981755789654,1.8577642440795898,34.20562213870838,94.03295911695562
16,28.061326297290844,1.123063087463379,24.986420273746084,-23.31496638440649
17,118.50973417996573,2.462207555770874,48.131496429781045,471.2907960361131
18,74.77631800261472,2.1777586936950684,34.33636528193098,120.33385772976547
19,110.28629443736992,3.042273759841919,36.25127228625887,447.8885305389716
20,212.93019871563942,4.139892816543579,51.43374675420126,980.6534860957488
21,91.55013533846623,2.279078483581543,40.1698037158406,391.7087874103465
22,117.61983887722543,3.1136884689331055,37.775082526970806,472.90872505219943
23,332.5666159381284,6.108978509902954,54.43898933332661,1588.5634238870266
24,65.79279756992449,2.487470865249634,26.44967564808915,103.07282825127811
25,51.40318390975059,16.15773582458496,3.1813358299581536,-74.73196678671141
26,236.044952545803,5.834070920944214,40.45973313392638,1056.6554787415262
27,32.37375124551827,2.0614418983459473,15.704420906305538,-13.461735414730498
28,32.91964314106929,1.7254033088684082,19.079390292035182,-8.617658758609082
29,204.05716645092966,5.154390335083008,39.58900145028373,958.9803598982669
30,28.121392943844818,1.7653868198394775,15.929309445281703,-23.7534006658324
31,255.8933720657403,7.775150299072266,32.911694594029086,1324.9893892124778
32,405.7765570201845,10.986330032348633,36.934677533389056,2216.10783288642
33,109.0492154969885,3.5754833221435547,30.499153728848018,440.123508388955
34,28.199065409924017,1.7434000968933105,16.174752691693634,-22.523486160659772
35,97.00394945362594,3.4672985076904297,27.976809391655276,401.4256319283445
36,172.11204608438243,5.3747053146362305,32.022601428155,651.2030832298882
37,61.567804262211794,2.5078132152557373,24.55039469753067,84.4410983746312
38,169.12552321864115,4.731108903884888,35.747543896054886,644.844942483771
39,121.36018123804702,3.958616018295288,30.657224817250338,482.7169744983323
40,112.84002725638224,3.687838077545166,30.597880081409365,451.918252019345
41,47.833731032408195,23.108197689056396,2.069989692664839,-109.4847124451398
42,99.40069232636837,3.1950764656066895,31.11058323528852,410.264116744195
43,173.06203602217903,4.261182546615601,40.61361702507482,658.6437343434247
44,231.41319992197324,5.655167579650879,40.9206617951823,1045.8502401893354
45,93.81885599578429,17.289254903793335,5.426425633599748,53.630076346285136
46,239.3298402957347,5.207827091217041,45.955796170606845,1063.7987284771725
47,31.086438823397142,1.3594086170196533,22.867619370804473,-12.832408301066138
48,258.3963916946523,5.077680587768555,50.88866604116341,1337.3347868876263
49,331.48076281,5.364505767822266,61.79148222718109,1588.4414190823923
50,297.42355712617393,5.2112603187561035,57.07324887526769,1469.1971669715826
51,93.93550855847619,2.3267412185668945,40.37213412857908,389.8544669209655
52,94.84762316897672,2.4561352729797363,38.61661212735624,188.12048706894745
53,206.6865001530382,4.0136120319366455,51.496382437668736,967.628899413558
54,282.84442007276346,4.679510593414307,60.44316268261549,1421.4203534072358
55,189.38113282886403,3.359863042831421,56.36572991655902,709.7493830700664
56,226.92681628659085,4.081042051315308,55.60511590745629,1030.0513281522
57,63.25045131386618,1.6450443267822266,38.449086315860335,94.4649126375214
58,59.29636509234263,1.5391755104064941,38.52475867205199,79.25921511748126
59,92.42529640950356,2.197941780090332,42.050839220002004,388.7259035508185
60,38.27481730142833,1.2288811206817627,31.14606991455292,10.436907194803453
61,115.99228669251613,2.383213758468628,48.67053418114237,468.7117485472461
62,111.24999388132875,2.324378490447998,47.862254077169055,447.4006350411403
63,104.26264489754644,2.3205325603485107,44.93048133825266,422.4984871972447
64,31.701167102592077,1.3874177932739258,22.849041763970757,-12.306556763606466
65,58.12849309414852,1.5127127170562744,38.42665724875114,76.01993947006329
66,56.81953393327953,1.5569493770599365,36.49414346442954,73.25817631416737
67,98.9146792425675,2.069945812225342,47.78612012853952,412.13125893383585
68,192.50789947863086,3.457700490951538,55.67512281136122,710.6733019680413
69,241.82854543716277,3.578958034515381,67.56953926393503,1089.0301339452485
70,237.34398818245057,3.9283430576324463,60.418345521354304,1065.4718085026257
71,92.3291654966251,1.9230616092681885,48.011548382872924,392.5656267642406
72,231.93895679059054,3.4518396854400635,67.1928530658345,1044.4465849241044
73,32.78691815851379,2.769838809967041,11.83712136624439,-26.57631901441343
74,60.433858929773926,2.5051045417785645,24.124286201192756,71.99233893177575
75,152.59310269252825,4.046037197113037,37.7142115256399,576.5139551411634
76,86.55164433892963,2.0241312980651855,42.759896268419986,164.84711344421805
77,50.871114015982855,1.39229416847229,36.537619109474356,46.654838432944956
78,89.26875732153503,1.9245522022247314,46.384170415508976,376.3381705686279
79,33.11791610701257,1.0700218677520752,30.950690920539216,-3.874994297999379
80,57.78239337170672,1.4339377880096436,40.29630424337358,71.95345220143142
81,249.71435957370022,3.8946473598480225,64.11732218637752,1100.922484583494
82,110.41249220279403,2.2448501586914062,49.184793815885214,444.98082453213374
83,63.495110785434555,1.444399118423462,43.95953305118216,92.58159592975781
84,45.141405715102664,1.2596988677978516,35.83507683389191,33.39971494675197
85,99.00370000180817,1.9638023376464844,50.41428971943225,407.55686641791897
86,193.30165662667463,3.1086690425872803,62.181484737852216,923.336027090455
87,54.42012540358849,1.4256021976470947,38.173429792270916,63.792539878053276
88,61.77399903271443,1.4722340106964111,41.959361476436385,84.70161907868874
89,401.72337575372256,5.566701412200928,72.16542544804675,2222.405933894779
90,42.00260152745371,2.29832124710083,18.2753396986766,11.318024269281395
91,105.59808058862257,2.0956344604492188,50.38955150889561,428.6889701363398
92,68.60843991976873,1.643233299255371,41.75209932202478,107.29775671578199
93,40.526574230851395,1.7436192035675049,23.24278956548117,14.545340244361384
94,105.57360035407088,2.019706964492798,52.27174150017511,425.0916940086935
95,79.5853252203003,1.92547607421875,41.3328040196976,142.18006214848077
96,234.89610347307067,3.4645836353302,67.79923020986138,1056.0103077106478
97,233.58465398860736,3.6192235946655273,64.53998982900481,1052.4177697975258
98,101.46941756263087,2.2273199558258057,45.55673166633568,411.751625395162
99,43.230336250846165,2.2057642936706543,19.598801365537447,20.38693113746112
100,47.821816000368166,1.3404359817504883,35.67631475985686,39.723477076645594
